Request Id,request_e2e_time,request_e2e_time_normalized,request_execution_time,request_execution_time_normalized,request_model_execution_time,request_model_execution_time_normalized,request_preemption_time,request_scheduling_delay,request_execution_plus_preemption_time,request_execution_plus_preemption_time_normalized,prefill_e2e_time,prefill_time_execution_plus_preemption,prefill_time_execution_plus_preemption_normalized,decode_time_execution_plus_preemption_normalized,request_inter_arrival_delay,request_num_tokens,request_num_prefill_tokens,request_num_decode_tokens,request_pd_ratio,request_num_restarts
0,1.7605112221645123,0.017430804179846656,1.7605112221645118,0.017430804179846653,1.7605112221645118,0.017430804179846653,0.0,0.0,1.7605112221645118,0.017430804179846653,0.030450986540322383,0.030450986540322383,9.25561900921653e-05,0.01712930926360584,,430.0,329.0,101.0,3.257425742574257,0
1,0.16699170149247056,0.018554633499163396,0.1641872459946246,0.018243027332736066,0.1641872459946246,0.018243027332736066,0.0,0.002804455497845859,0.1641872459946246,0.018243027332736066,0.0388236708881714,0.03601921539032554,9.027372278277079e-05,0.014240892289366572,0.2511861526,408.0,399.0,9.0,44.333333333333336,0
2,0.4385980878122452,0.018274920325510216,0.4243167838687003,0.01767986599452918,0.4243167838687003,0.01767986599452918,0.0,0.01428130394354521,0.4243167838687003,0.01767986599452918,0.04545069048386763,0.03116938654032242,9.502861750098299e-05,0.016381141555349064,0.18464462920000002,352.0,328.0,24.0,13.666666666666666,0
3,1.375769515596498,0.017197118944956225,1.3756120288338693,0.017195150360423368,1.3756120288338693,0.017195150360423368,0.0,0.00015748676262938854,1.3756120288338693,0.017195150360423368,0.024188626057112583,0.024031139294483195,0.00011722506972918631,0.016894761119242315,0.1574402305,285.0,205.0,80.0,2.5625,0
4,1.4420154354774095,0.017166850422350114,1.4317964366670735,0.017045195674608018,1.4317964366670735,0.017045195674608018,0.0,0.010218998810336943,1.4317964366670735,0.017045195674608018,0.042622432507946506,0.03240343369760956,8.710600456346656e-05,0.016659440511541227,0.11020969819999993,456.0,372.0,84.0,4.428571428571429,0
5,7.521930030414337,0.018994772804076607,7.510494750725496,0.018965895835165395,7.510494750725496,0.018965895835165395,0.0,0.011435279688857491,7.510494750725496,0.018965895835165395,0.047667069976286,0.03623179028742851,8.990518681744048e-05,0.018874401415247603,0.20763185890000013,799.0,403.0,396.0,1.0176767676767677,0
6,0.19612095159438403,0.021791216843820446,0.18335414249041215,0.020372682498934685,0.18335414249041215,0.020372682498934685,0.0,0.012766809103972765,0.18335414249041215,0.020372682498934685,0.06719682499008583,0.05443001588611307,7.068833231962737e-05,0.014324902956033133,0.11510383999999996,779.0,770.0,9.0,85.55555555555556,0
7,3.199106564002152,0.018491945456659838,3.191039041199171,0.018445312376873822,3.191039041199171,0.018445312376873822,0.0,0.00806752280298162,3.191039041199171,0.018445312376873822,0.032532973555915,0.024465450752933382,0.00010777731609221754,0.018303893586394435,0.4447048819999999,400.0,227.0,173.0,1.3121387283236994,0
8,0.6669274864982304,0.018025067202654878,0.6553350689208223,0.017711758619481682,0.6553350689208223,0.017711758619481682,0.0,0.011592417577409364,0.6553350689208223,0.017711758619481682,0.04695614472399168,0.03536372714658231,9.067622345277516e-05,0.01675598221011456,0.6629824370000001,427.0,390.0,37.0,10.54054054054054,0
9,11.602695470371572,0.01976609109092261,11.588301106345487,0.019741569176057048,11.588301106345487,0.019741569176057048,0.0,0.01439436402614147,11.588301106345487,0.019741569176057048,0.06298921487941733,0.04859485085327586,7.374028961043377e-05,0.019658784080906565,0.09672042000000003,1246.0,659.0,587.0,1.122657580919932,0
10,7.317109462307666,0.01966964909222491,7.3098428382197,0.01965011515650457,7.3098428382197,0.01965011515650457,0.0,0.007266624088014151,7.3098428382197,0.01965011515650457,0.026711732321295756,0.019445108233281605,0.00032957810564884077,0.019597843360178415,0.313779228,431.0,59.0,372.0,0.1586021505376344,0
11,2.9769307464094075,0.018722834883078035,2.971829709483792,0.018690752889835172,2.971829709483792,0.018690752889835172,0.0,0.005101036925595714,2.971829709483792,0.018690752889835172,0.025654237370544397,0.020553200444948683,0.0002704368479598511,0.018561487478231845,0.150534822,235.0,76.0,159.0,0.4779874213836478,0
12,2.5491005581574755,0.01888222635672204,2.5468298713570823,0.018865406454496907,2.5468298713570823,0.018865406454496907,0.0,0.0022706868003798952,2.5468298713570823,0.018865406454496907,0.05465602637160494,0.05238533957122504,7.041040264949602e-05,0.01847736690211756,0.16788656899999976,879.0,744.0,135.0,5.511111111111111,0
13,0.7502228217352509,0.02206537710986032,0.7498378114230628,0.022054053277148905,0.7498378114230628,0.022054053277148905,0.0,0.0003850103121862958,0.7498378114230628,0.022054053277148905,0.050345077941955196,0.0499600676297689,8.071093316602407e-05,0.020584639523332227,0.5196508309999999,653.0,619.0,34.0,18.205882352941178,0
14,0.960542674875466,0.021345392775010356,0.9249346679335079,0.02055410373185573,0.9249346679335079,0.02055410373185573,0.0,0.03560800694195487,0.9249346679335079,0.02055410373185573,0.08590022979523093,0.05029222285327606,0.0001802588632733909,0.019436498779560777,0.014737071000000324,324.0,279.0,45.0,6.2,0
15,9.080473205166763,0.02017882934481503,9.063097404224886,0.020140216453833078,9.063097404224886,0.020140216453833078,0.0,0.0173758009419549,9.063097404224886,0.020140216453833078,0.06766802379523096,0.05029222285327606,0.00014619832224789552,0.020028455958603406,0.018232205999999973,794.0,344.0,450.0,0.7644444444444445,0
16,1.2317262233238009,0.020876715649555948,1.2184355393818427,0.020651449820031233,1.2184355393818427,0.020651449820031233,0.0,0.013290683941955095,1.2184355393818427,0.020651449820031233,0.06358290679523115,0.05029222285327606,0.0006286527856659508,0.019799039263196098,0.004085116999999805,139.0,80.0,59.0,1.3559322033898304,0
17,0.24940692514819052,0.022673356831653682,0.2432456554993384,0.022113241409030763,0.2432456554993384,0.022113241409030763,0.0,0.006161269648851775,0.2432456554993384,0.022113241409030763,0.0616975683646781,0.05553629871582633,7.231288895289886e-05,0.017064486980319312,0.3574975359999999,779.0,768.0,11.0,69.81818181818181,0
18,11.338766037128362,0.019997823698639085,11.334251727945205,0.01998986195404798,11.334251727945205,0.01998986195404798,0.0,0.004514309183243803,11.334251727945205,0.01998986195404798,0.03574381305689922,0.031229503873655418,9.851578509039564e-05,0.019934783463970835,0.30115684700000056,884.0,317.0,567.0,0.5590828924162258,0
19,10.321199320832381,0.019848460232369965,10.318701218208542,0.01984365618886258,10.318701218208542,0.01984365618886258,0.0,0.0024981026239236925,10.318701218208542,0.01984365618886258,0.05248052225369282,0.049982419629769126,8.074704302062864e-05,0.019747536151112865,0.4080628559999999,1139.0,619.0,520.0,1.1903846153846154,0
20,0.25340602211070173,0.01949277093159244,0.24190727956365385,0.01860825227412722,0.24190727956365385,0.01860825227412722,0.0,0.011498742547045637,0.24190727956365385,0.01860825227412722,0.044003889087368186,0.03250514654032255,0.00010907767295410252,0.016107856386410272,0.7690443669999993,311.0,298.0,13.0,22.923076923076923,0
21,0.339104442207419,0.021194027637963686,0.3261027529690252,0.020381422060564074,0.3261027529690252,0.020381422060564074,0.0,0.013001689238389957,0.3261027529690252,0.020381422060564074,0.06327200275833267,0.05027031351994271,7.222746195394067e-05,0.017239527465567894,0.32104791200000005,712.0,696.0,16.0,43.5,0
22,0.7228110276391533,0.020651743646832952,0.7188100535786641,0.020537430102247546,0.7188100535786641,0.020537430102247546,0.0,0.0040009740604833866,0.7188100535786641,0.020537430102247546,0.05403139195204254,0.050030417891559154,8.700942242010288e-05,0.019107989591060307,0.1237858919999999,610.0,575.0,35.0,16.428571428571427,0
23,10.114620027625467,0.020558170787856638,10.105836377464925,0.020540317840375865,10.105836377464925,0.020540317840375865,0.0,0.00878365016064464,10.105836377464925,0.020540317840375865,0.041083196854368786,0.032299546693724146,0.00011494500602748807,0.02047466835522581,0.30330719500000036,773.0,281.0,492.0,0.5711382113821138,0
24,2.686009714589593,0.02082178073325266,2.6701014007352564,0.02069846047081594,2.6701014007352564,0.02069846047081594,0.0,0.01590831385436875,2.6701014007352564,0.02069846047081594,0.04073693878721407,0.024828624932845322,0.0001689022104275192,0.02050599051009596,0.025174883000000037,276.0,147.0,129.0,1.1395348837209303,0
25,0.5467037265278272,0.02102706640491643,0.5413084076354496,0.020819554139824985,0.5413084076354496,0.020819554139824985,0.0,0.005395318892375656,0.5413084076354496,0.020819554139824985,0.04063117953157036,0.035235860639194705,7.325542752431332e-05,0.01946432873062526,0.20428637699999985,507.0,481.0,26.0,18.5,0
26,4.75917261548108,0.02060247885489645,4.7494873719495905,0.02056055139372117,4.7494873719495905,0.02056055139372117,0.0,0.009685243531570187,4.7494873719495905,0.02056055139372117,0.0652384382473965,0.055553194715826315,7.214700612444976e-05,0.020320061373305987,0.030945936000000174,1001.0,770.0,231.0,3.3333333333333335,0
27,0.4010367245087467,0.02359039555933804,0.38907646526751416,0.02288685089808907,0.38907646526751416,0.02288685089808907,0.0,0.01196025924123223,0.38907646526751416,0.02288685089808907,0.04337359244822103,0.0314133332069888,9.34920631160381e-05,0.021039007768266216,0.5788840899999999,353.0,336.0,17.0,19.764705882352942,0
28,0.2722429081870974,0.024749355289736128,0.26380493366876906,0.023982266697160824,0.26380493366876906,0.023982266697160824,0.0,0.008437974518328062,0.26380493366876906,0.023982266697160824,0.039816827725316806,0.031378853206988744,9.480016074618955e-05,0.02112964367834369,0.1475654560000006,342.0,331.0,11.0,30.09090909090909,0
29,6.925041850292317,0.02036777014791858,6.9172516078537,0.02034485767015794,6.9172516078537,0.02034485767015794,0.0,0.0077902424387223945,6.9172516078537,0.02034485767015794,0.03230646385832259,0.024516221419600193,0.00011043342981801888,0.020272751136570573,0.1071131439999995,562.0,222.0,340.0,0.6529411764705882,0
30,15.264408530344832,0.01987553194055317,15.256014857129811,0.01986460267855444,15.256014857129811,0.01986460267855444,0.0,0.008393673215024933,15.256014857129811,0.01986460267855444,0.06613041483039517,0.057736741615370235,7.199094964510004e-05,0.01978942462957609,0.061456070000000196,1570.0,802.0,768.0,1.0442708333333333,0
31,0.20004195481489706,0.022226883868321896,0.187531192165935,0.020836799129548333,0.187531192165935,0.020836799129548333,0.0,0.01251076264896156,0.187531192165935,0.020836799129548333,0.047746623288156265,0.035235860639194705,7.325542752431332e-05,0.0169217035029712,0.2976509680000001,490.0,481.0,9.0,53.44444444444444,0
32,2.5454488144539402,0.02069470580856862,2.544432115452462,0.020686439963028144,2.544432115452462,0.020686439963028144,0.0,0.0010166990015614275,2.544432115452462,0.020686439963028144,0.02191055277984333,0.0208938537782819,0.00022466509439012796,0.02051657123312274,0.12181648299999992,216.0,93.0,123.0,0.7560975609756098,0
33,0.1491632401183507,0.024860540019725114,0.1451465119116986,0.024191085318616436,0.1451465119116986,0.024191085318616436,0.0,0.004016728206654108,0.1451465119116986,0.024191085318616436,0.055305041726597004,0.051288313519942896,8.001296960989531e-05,0.015643033065292283,0.1680669419999994,647.0,641.0,6.0,106.83333333333333,0
34,0.5587150305621078,0.021489039637004145,0.5584920163554715,0.021480462167518137,0.5584920163554715,0.021480462167518137,0.0,0.00022301420665371552,0.5584920163554715,0.021480462167518137,0.05151132772659661,0.051288313519942896,0.0006660819937654922,0.019507834724442737,0.003793714000000392,103.0,77.0,26.0,2.9615384615384617,0
35,4.199424724446576,0.020385556914789205,4.190016465293274,0.020339885753850845,4.190016465293274,0.020339885753850845,0.0,0.009408259153401488,4.190016465293274,0.020339885753850845,0.05967857267334331,0.05027031351994182,7.296126780833356e-05,0.020095855105695306,0.19227618599999996,895.0,689.0,206.0,3.3446601941747574,0
36,3.0600949845862324,0.02026552969924657,3.058414269164514,0.020254399133539828,3.058414269164514,0.020254399133539828,0.0,0.0016807154217950426,3.058414269164514,0.020254399133539828,0.02686639213530384,0.025185676713508798,0.00014149256580622921,0.020087606572522707,0.18939933500000095,329.0,178.0,151.0,1.1788079470198676,0
37,0.5034752566596961,0.02013901026638784,0.4995737024192576,0.019982948096770304,0.4995737024192576,0.019982948096770304,0.0,0.0039015542404587933,0.4995737024192576,0.019982948096770304,0.05295590437928688,0.049054350138828084,7.811202251405746e-05,0.018020774091216368,0.1919095949999985,653.0,628.0,25.0,25.12,0
38,0.40044341509129033,0.022246856393960575,0.39746461571820574,0.02208136753990032,0.39746461571820574,0.02208136753990032,0.0,0.002978799373096308,0.39746461571820574,0.02208136753990032,0.038214660012290125,0.03523586063919382,7.340804299832045e-05,0.020123819726611123,0.5755830160000013,498.0,480.0,18.0,26.666666666666668,0
39,0.47279859421154846,0.023639929710577424,0.45712368873741616,0.02285618443687081,0.45712368873741616,0.02285618443687081,0.0,0.015674905474144296,0.45712368873741616,0.02285618443687081,0.04708823868113399,0.03141333320698969,9.349206311604075e-05,0.021285517776520723,0.22902779100000004,356.0,336.0,20.0,16.8,0
40,5.364700593692177,0.020092511586862087,5.350401134976047,0.020038955561708042,5.350401134976047,0.020038955561708042,0.0,0.014299458716186209,5.350401134976047,0.020038955561708042,0.06354028541294099,0.04924082669675478,9.561325572185394e-05,0.019854532989809874,0.08910369899999893,782.0,515.0,267.0,1.9288389513108615,0
41,2.809494806446576,0.020212192852133642,2.80454608399863,0.020176590532364244,2.80454608399863,0.020176590532364244,0.0,0.004948722447991827,2.80454608399863,0.020176590532364244,0.05946673833410543,0.0545180158861136,7.163996831289567e-05,0.0197843745907372,0.11490648200000031,900.0,761.0,139.0,5.474820143884892,0
42,0.2388885280889923,0.01990737734074936,0.23092695297139293,0.01924391274761608,0.23092695297139293,0.01924391274761608,0.0,0.007961575117608533,0.23092695297139293,0.01924391274761608,0.029566853211548505,0.021605278093939972,0.0001929042686958926,0.01744347290645365,0.23922156000000072,124.0,112.0,12.0,9.333333333333334,0
43,14.710524000107258,0.019154328125139657,14.693380205895622,0.01913200547642659,14.693380205895622,0.01913200547642659,0.0,0.01714379421154888,14.693380205895622,0.01913200547642659,0.03874907230548885,0.021605278093939972,0.00019119715127380505,0.019103873603908552,0.012423058999999625,881.0,113.0,768.0,0.14713541666666666,0
44,1.3505940072295317,0.02015811951088853,1.3439110341405494,0.020058373643888797,1.3439110341405494,0.020058373643888797,0.0,0.006682973088992128,1.3439110341405494,0.020058373643888797,0.03892131962931522,0.03223834654032309,9.263892684000889e-05,0.019577204292540545,0.21978249600000055,415.0,348.0,67.0,5.1940298507462686,0
45,12.365069931693757,0.01968960180206012,12.360551704280875,0.019682407172421774,12.360551704280875,0.019682407172421774,0.0,0.004518227412820153,12.360551704280875,0.019682407172421774,0.02517448119110277,0.02065625377828262,0.00025190553388149535,0.019649515048571105,0.2221194889999989,710.0,82.0,628.0,0.1305732484076433,0
46,0.2787763319375234,0.025343302903411215,0.2632999113897187,0.023936355580883518,0.2632999113897187,0.023936355580883518,0.0,0.015476420547802405,0.2632999113897187,0.023936355580883518,0.05059411045393958,0.03511768990613717,7.519847945639652e-05,0.020743838316689436,0.04724134000000113,478.0,467.0,11.0,42.45454545454545,0
47,4.350759771400767,0.01995761363027875,4.327771400946869,0.019852162389664536,4.327771400946869,0.019852162389664536,0.0,0.022988370453941087,4.327771400946869,0.019852162389664536,0.05235913491114452,0.029370764457203435,0.00011988067125389158,0.019717434112337718,0.02760573999999849,463.0,245.0,218.0,1.1238532110091743,0
48,2.9645969944885433,0.020445496513714093,2.950803316949243,0.020350367703098227,2.950803316949243,0.020350367703098227,0.0,0.013793677539323923,2.950803316949243,0.020350367703098227,0.045979464079646704,0.03218578654032278,9.383611236245708e-05,0.020128396761440667,0.07579239000000015,488.0,343.0,145.0,2.3655172413793104,0
49,0.4581976994556438,0.020827168157074718,0.446798246433725,0.020309011201532955,0.446798246433725,0.020309011201532955,0.0,0.011399453021915917,0.446798246433725,0.020309011201532955,0.047730859309345064,0.03633140628742915,9.387960280989444e-05,0.01865758364301358,0.09042041000000012,409.0,387.0,22.0,17.59090909090909,0
50,0.5126737352247215,0.01971822058556621,0.5035341717167449,0.019366698912182494,0.5035341717167449,0.019366698912182494,0.0,0.009139563507973847,0.5035341717167449,0.019366698912182494,0.04107375072117847,0.03193418721320462,0.00012377591943102569,0.018138460942443962,0.16888555999999966,284.0,258.0,26.0,9.923076923076923,0
51,0.24830114471200204,0.019100088054769388,0.24823838873446386,0.019095260671881834,0.24823838873446386,0.019095260671881834,0.0,6.275597753635509e-05,0.24823838873446386,0.019095260671881834,0.024939548942924716,0.02487679296538836,0.00011056352429061494,0.017181661213005947,0.11546486000000122,238.0,225.0,13.0,17.307692307692307,0
52,9.778547953095691,0.019956220312440185,9.766036980012535,0.019930687714311297,9.766036980012535,0.019930687714311297,0.0,0.01251097308313831,9.766036980012535,0.019930687714311297,0.041881737540341746,0.029370764457203435,0.00011843050184356223,0.019870747378684387,0.8908994799999999,738.0,248.0,490.0,0.5061224489795918,0
53,1.2555017479358401,0.02164658186096276,1.2351470303955003,0.021295638455094832,1.2351470303955003,0.021295638455094832,0.0,0.020354717540342904,1.2351470303955003,0.021295638455094832,0.044916937174042104,0.0245622196336992,0.0001846783431105203,0.020872151909686172,0.021527019999998842,191.0,133.0,58.0,2.293103448275862,0
54,0.6126388681324872,0.021125478211465078,0.5958105912800946,0.02054519280276188,0.5958105912800946,0.02054519280276188,0.0,0.016828276852391966,0.5958105912800946,0.02054519280276188,0.0378790868211496,0.021050809968757633,0.00021480418335466972,0.01981930280383923,0.04686030000000052,127.0,98.0,29.0,3.3793103448275863,0
55,10.425843510229777,0.019820995266596534,10.423147133408536,0.01981586907492117,10.423147133408536,0.01981586907492117,0.0,0.0026963768211487604,10.423147133408536,0.01981586907492117,0.023035513266098206,0.020339136444949446,0.00035067476629223185,0.019777201515140074,0.03518271000000084,584.0,58.0,526.0,0.11026615969581749,0
56,0.36570760813248704,0.02285672550828044,0.3496725154114009,0.021854532213212555,0.3496725154114009,0.021854532213212555,0.0,0.016035092721086386,0.3496725154114009,0.021854532213212555,0.04888033909360523,0.032845246372518844,9.048277237608497e-05,0.019801704314930113,0.21174854999999937,379.0,363.0,16.0,22.6875,0
57,8.353598283107967,0.02008076510362492,8.344520577700344,0.020058943696395055,8.344520577700344,0.020058943696395055,0.0,0.00907770540769448,8.344520577700344,0.020058943696395055,0.03348996800376547,0.024412262596070988,0.00012025745121217236,0.020000260372846638,0.058416100000000526,619.0,203.0,416.0,0.4879807692307692,0
58,8.678529315388419,0.019996611325779765,8.677560335814235,0.01999437865394985,8.677560335814235,0.01999437865394985,0.0,0.0009689795742140461,8.677560335814235,0.01999437865394985,0.02558800450705867,0.024619024932844624,0.00017585017809174731,0.019937652790049217,0.1255883200000003,574.0,140.0,434.0,0.3225806451612903,0
59,8.997908116955461,0.019951015780389048,8.99114857982022,0.01993602789317122,8.99114857982022,0.01993602789317122,0.0,0.006759537135238247,8.99114857982022,0.01993602789317122,0.03167197552840051,0.02491243839316226,0.0001779459885225876,0.01988078967056998,0.05605539999999998,591.0,140.0,451.0,0.31042128603104213,0
60,0.4450591438526743,0.026179949638392607,0.4294004240101847,0.025258848471187336,0.4294004240101847,0.025258848471187336,0.0,0.015658719842489788,0.4294004240101847,0.025258848471187336,0.0410854132780738,0.025426693435584014,0.00011055084102427831,0.023763160622035324,0.034625489999999814,247.0,230.0,17.0,13.529411764705882,0
61,11.093426783494051,0.019360256166656285,11.07573246021584,0.01932937602131909,11.07573246021584,0.01932937602131909,0.0,0.017694323278075075,11.07573246021584,0.01932937602131909,0.04901774181839791,0.031323418540322834,0.00010104328561394462,0.019274710369416498,0.023391089999998727,883.0,310.0,573.0,0.5410122164048866,0
62,2.071001807516227,0.01991347891842526,2.0680785308710328,0.019885370489144547,2.0680785308710328,0.019885370489144547,0.0,0.002923276645203643,2.0680785308710328,0.019885370489144547,0.05260526334195781,0.049681986696754166,9.535889960989284e-05,0.019407659078598743,0.21361443000000158,625.0,521.0,104.0,5.009615384615385,0
63,0.2155292964808524,0.030789899497264628,0.192666493138896,0.027523784734128,0.192666493138896,0.027523784734128,0.0,0.022862803341958227,0.192666493138896,0.027523784734128,0.0785238741438512,0.055661070801892976,7.247535260663147e-05,0.01957220319100017,0.029742459999999582,775.0,768.0,7.0,109.71428571428571,0
64,0.20898010910903153,0.02612251363862894,0.17423235496518305,0.02177904437064788,0.17423235496518305,0.02177904437064788,0.0,0.034747754143850784,0.17423235496518305,0.02177904437064788,0.06612537535083973,0.03137762120698895,9.898303219870331e-05,0.017856841719773975,0.04377612000000042,325.0,317.0,8.0,39.625,0
65,0.22865811699357153,0.020787101544870137,0.2173237350145528,0.019756703183141162,0.2173237350145528,0.019756703183141162,0.0,0.011334381979018815,0.2173237350145528,0.019756703183141162,0.04253225385267534,0.031197871873656524,0.0001046908452136125,0.016920533012808745,0.09200278999999867,309.0,298.0,11.0,27.09090909090909,0
66,0.45884807032071073,0.020856730469123216,0.4439632511285123,0.020180147778568743,0.4439632511285123,0.020180147778568743,0.0,0.014884819192197085,0.4439632511285123,0.020180147778568743,0.046496669732519536,0.03161185054032245,9.408288851286444e-05,0.01874324548128142,0.3440663300000004,358.0,336.0,22.0,15.272727272727273,0
67,0.28606072354627443,0.02200467104202111,0.25999303381375405,0.019999464139519543,0.25999303381375405,0.019999464139519543,0.0,0.026067689732519383,0.25999303381375405,0.019999464139519543,0.0626991277771971,0.03663143804467772,7.460578013172652e-05,0.017181661213005947,0.020428980000000152,504.0,491.0,13.0,37.76923076923077,0
68,7.757209384242051,0.01978879944959707,7.742045637125374,0.0197501164212382,7.742045637125374,0.0197501164212382,0.0,0.015163747116721638,7.742045637125374,0.0197501164212382,0.035502883561671084,0.020339136444949446,0.0003447311261855838,0.0196982308690826,0.3639637800000006,451.0,59.0,392.0,0.15051020408163265,0
69,5.217940081269438,0.02038257844245874,5.202644157707844,0.020322828741046267,5.202644157707844,0.020322828741046267,0.0,0.015295923561671643,5.202644157707844,0.020322828741046267,0.03563488400662074,0.020338960444949095,0.00037664741564720543,0.02024337967680788,0.02020695999999944,310.0,54.0,256.0,0.2109375,0
70,0.5926196886571251,0.019116764150229844,0.5808725964010147,0.018737825690355314,0.5808725964010147,0.018737825690355314,0.0,0.01174709225610826,0.5808725964010147,0.018737825690355314,0.03335219435004788,0.02160510209393962,0.0002019168419994357,0.018040886913131524,0.7498062900000004,138.0,107.0,31.0,3.4516129032258065,0
71,0.7477269638323811,0.019172486252112337,0.7291623475978036,0.018696470451225734,0.7291623475978036,0.018696470451225734,0.0,0.01856461623458472,0.7291623475978036,0.018696470451225734,0.038682227433058713,0.020117611198473995,0.0003795775697825282,0.018180634266649294,0.12646731999999972,92.0,53.0,39.0,1.358974358974359,0
72,6.0332568155286435,0.020110856051762147,6.019145060017939,0.020063816866726463,6.019145060017939,0.020063816866726463,0.0,0.014111755510732849,6.019145060017939,0.020063816866726463,0.034673227955682506,0.020561472444949658,0.0002855760061798564,0.019995278625243203,0.7523854399999994,372.0,72.0,300.0,0.24,0
73,0.2228477972034657,0.024760866355940634,0.205646232142636,0.022849581349181778,0.205646232142636,0.022849581349181778,0.0,0.017201565060835478,0.205646232142636,0.022849581349181778,0.07267467977666264,0.055473114715827165,7.223061811956662e-05,0.01668590193631145,0.18569570000000013,777.0,768.0,9.0,85.33333333333333,0
74,8.640818201294346,0.018866415286668877,8.630744775055739,0.018844420906235237,8.630744775055739,0.018844420906235237,0.0,0.010073426238516703,8.630744775055739,0.018844420906235237,0.0829789974399251,0.07290557120140839,7.81410195084763e-05,0.018685238436363365,0.26884905000000003,1391.0,933.0,458.0,2.037117903930131,0
75,3.1267410212694386,0.02127034708346557,3.1246628550309654,0.021256209898169832,3.1246628550309654,0.021256209898169832,0.0,0.0020781662385171984,3.1246628550309654,0.021256209898169832,0.07498373743992559,0.07290557120140839,0.00030504423096823594,0.020760253631493288,0.007995259999999504,386.0,239.0,147.0,1.6258503401360545,0
76,4.809841556793877,0.020041006486641155,4.801339869353994,0.020005582788974973,4.801339869353994,0.020005582788974973,0.0,0.00850168743992441,4.801339869353994,0.020005582788974973,0.04091677039005859,0.03241508295013418,0.00011702196010878764,0.019870519943349246,0.06648205000000118,517.0,277.0,240.0,1.1541666666666666,0
77,1.052534060223083,0.02338964578273518,1.037228639833024,0.023049525329622754,1.037228639833024,0.023049525329622754,0.0,0.015305420390058444,1.037228639833024,0.023049525329622754,0.05021197412836287,0.034906553738304424,7.555531112187105e-05,0.022273824135438228,0.025611350000000144,507.0,462.0,45.0,10.266666666666667,0
78,2.946282979867327,0.020895623970690263,2.9292074211108257,0.020774520717098056,2.9292074211108257,0.020774520717098056,0.0,0.01707555875654343,2.9292074211108257,0.020774520717098056,0.053342901043972546,0.036267342287429116,9.395684530422051e-05,0.02051730552356989,0.07023521999999893,527.0,386.0,141.0,2.7375886524822697,0
79,0.163233784421438,0.0408084461053595,0.13516861337746638,0.033792153344366596,0.13516861337746638,0.033792153344366596,0.0,0.02806517104397166,0.13516861337746638,0.033792153344366596,0.07717942056391358,0.04911424951994192,7.430294934938263e-05,0.021513590964381102,0.025277730000000886,665.0,661.0,4.0,165.25,0
80,0.5792610466254668,0.021454112837980252,0.5786218160615526,0.021430437631909355,0.5786218160615526,0.021430437631909355,0.0,0.0006392305639142393,0.5786218160615526,0.021430437631909355,0.04946666179325909,0.04882743122934485,7.73810320591836e-05,0.01962201425304473,0.07654018999999934,658.0,631.0,27.0,23.37037037037037,0
81,12.69072085331712,0.017601554581577143,12.673798326267363,0.017578083670273734,12.673798326267363,0.017578083670273734,0.0,0.016922527049619163,12.673798326267363,0.017578083670273734,0.05342884933704717,0.036506322287428006,0.00010460264265738683,0.017527450768349617,0.1069768799999995,1070.0,349.0,721.0,0.4840499306518724,0
82,1.294005984577165,0.020539777532970874,1.2903429275275438,0.020481633770278472,1.2903429275275438,0.020481633770278472,0.0,0.0036630570496178905,1.2903429275275438,0.020481633770278472,0.040169379337045896,0.036506322287428006,0.0006887985337250567,0.019902168337144747,0.013259470000001272,116.0,53.0,63.0,0.8412698412698413,0
83,0.543013438537173,0.022625559939048873,0.5339357757451407,0.022247323989380865,0.5339357757451407,0.022247323989380865,0.0,0.009077662792030594,0.5339357757451407,0.022247323989380865,0.02980484723697785,0.020727184444947255,0.00029193217528094726,0.021383691304174796,0.23583791000000076,95.0,71.0,24.0,2.9583333333333335,0
84,3.642160105255723,0.01979434839812893,3.6306670375060635,0.019731886073402517,3.6306670375060635,0.019731886073402517,0.0,0.011493067749697161,3.6306670375060635,0.019731886073402517,0.05596727662546641,0.04447420887576925,8.966574370114768e-05,0.019490178416468783,0.1672195099999989,680.0,496.0,184.0,2.6956521739130435,0
85,0.49422496092355317,0.0224647709510706,0.4813273639839899,0.021878516544726813,0.4813273639839899,0.021878516544726813,0.0,0.012897596939556166,0.4813273639839899,0.021878516544726813,0.0453418786371671,0.03244428169761093,9.191014645215561e-05,0.020403776467563004,0.06168296999999967,375.0,353.0,22.0,16.045454545454547,0
86,0.8131330349066523,0.02032832587266631,0.8042621483849434,0.020106553709623585,0.8042621483849434,0.020106553709623585,0.0,0.008870886521705756,0.8042621483849434,0.020106553709623585,0.0590135327404937,0.050142646218787945,8.427335498955957e-05,0.018852987554153967,0.14815179,635.0,595.0,40.0,14.875,0
87,0.3449565772376424,0.022997105149176158,0.30567310449714424,0.020378206966476284,0.30567310449714424,0.020378206966476284,0.0,0.03928347274049315,0.30567310449714424,0.020378206966476284,0.0717819312808139,0.03249845854032074,0.00011363097391720538,0.018211643063788568,0.01973006000000055,301.0,286.0,15.0,19.066666666666666,0
88,0.35951035037853885,0.01997279724325216,0.3476334392131807,0.019312968845176706,0.3476334392131807,0.019312968845176706,0.0,0.011876911165355608,0.3476334392131807,0.019312968845176706,0.043123311039011014,0.031246399873655406,0.00010244721270050953,0.01757705774108488,0.1715791299999978,323.0,305.0,18.0,16.944444444444443,0
89,10.043497411448659,0.017497382249910556,10.027704105928986,0.01746986778036409,10.027704105928986,0.01746986778036409,0.0,0.015793305519434142,10.027704105928986,0.01746986778036409,0.03613226596438324,0.020338960444949095,0.0003631957222312338,0.017434434051366333,0.5298511800000014,630.0,56.0,574.0,0.0975609756097561,0
90,4.113461293738986,0.01922178174644386,4.098200678832328,0.01915047046183331,4.098200678832328,0.01915047046183331,0.0,0.015260614906651426,4.098200678832328,0.01915047046183331,0.035378226105123645,0.02011761119847222,0.00038687713843215803,0.019056462932868515,0.07671205000000114,266.0,52.0,214.0,0.24299065420560748,0
91,0.31032855040577445,0.02068857002705163,0.30899012115976454,0.02059934141065097,0.30899012115976454,0.02059934141065097,0.0,0.0013384292460116853,0.30899012115976454,0.02059934141065097,0.03266888778633259,0.031330458540320905,0.00010106599529135776,0.018510644174629456,0.2201691799999992,325.0,310.0,15.0,20.666666666666668,0
92,1.5297970988075917,0.019867494789708985,1.5253943510212917,0.019810316247029763,1.5253943510212917,0.019810316247029763,0.0,0.004402747786333094,1.5253943510212917,0.019810316247029763,0.03378837624353537,0.029385628457202273,0.000123469027131102,0.01942868470862411,0.028266139999999496,315.0,238.0,77.0,3.090909090909091,0
93,3.2563755858502894,0.019155150505001703,3.251212383837679,0.019124778728456936,3.251212383837679,0.019124778728456936,0.0,0.005163202012610668,3.251212383837679,0.019124778728456936,0.03007564040577293,0.02491243839316226,0.0001742128558962396,0.01897823497320304,0.251986770000002,313.0,143.0,170.0,0.8411764705882353,0
94,8.898053162857014,0.01744716306442552,8.880467953508731,0.017412682261781824,8.880467953508731,0.017412682261781824,0.0,0.017585209348045083,8.880467953508731,0.017412682261781824,0.06693341620131932,0.049348206853274235,7.477001038374884e-05,0.01731592107187391,0.06833082999999718,1170.0,660.0,510.0,1.2941176470588236,0
95,1.0573286109230509,0.019949596432510392,1.0308652847217645,0.019450288390976688,1.0308652847217645,0.019450288390976688,0.0,0.026463326201316306,1.0308652847217645,0.019450288390976688,0.05068704505135457,0.024223718850038267,0.0001268257531415616,0.0189932370919188,0.04047009000000301,244.0,191.0,53.0,3.6037735849056602,0
96,0.30785259082198024,0.019240786926373765,0.30349709157201377,0.01896856822325086,0.30349709157201377,0.01896856822325086,0.0,0.004355499249985684,0.30349709157201377,0.01896856822325086,0.0359112697903079,0.031555770540322214,0.00043827459083780853,0.01699633256447952,0.17662580999999733,88.0,72.0,16.0,4.5,0
97,1.1000019066921283,0.01929827906477418,1.0997088974421745,0.019293138551617097,1.0997088974421745,0.019293138551617097,0.0,0.0002930092499831005,1.0997088974421745,0.019293138551617097,0.031848779790305315,0.031555770540322214,0.00012230918814078377,0.018739528542137243,0.004062490000002583,315.0,258.0,57.0,4.526315789473684,0
98,0.2071474675835283,0.0230163852870587,0.20211732255522188,0.022457480283913544,0.20211732255522188,0.022457480283913544,0.0,0.005030145028314337,0.20211732255522188,0.022457480283913544,0.061628051454658106,0.05659790642634377,0.00018140354623828132,0.016168824014318912,0.3531482199999978,321.0,312.0,9.0,34.666666666666664,0
99,0.39226515072441615,0.02064553424865348,0.38817630569611894,0.020430331878743102,0.38817630569611894,0.020430331878743102,0.0,0.004088845028313415,0.38817630569611894,0.020430331878743102,0.060686751454657184,0.05659790642634377,0.00010088753373679816,0.017451494698408367,0.000941300000000922,580.0,561.0,19.0,29.526315789473685,0
